REF_AREA,TIME_PERIOD,ENERGY_PRODUCT,FLOW_BREAKDOWN,UNIT_MEASURE,OBS_VALUE,ASSESSMENT_CODE
US,2002-01,CRUDEOIL,REFINOBS,KBD,14486.8710,1
US,2002-02,CRUDEOIL,REFINOBS,KBD,14306.1071,1
US,2002-03,CRUDEOIL,REFINOBS,KBD,14525.7419,1
US,2002-04,CRUDEOIL,REFINOBS,KBD,15325.1667,1
US,2002-05,CRUDEOIL,REFINOBS,KBD,15300.6452,1
US,2002-06,CRUDEOIL,REFINOBS,KBD,15397.2000,1
US,2002-07,CRUDEOIL,REFINOBS,KBD,15429.8065,1
US,2002-08,CRUDEOIL,REFINOBS,KBD,15337.5484,1
US,2002-09,CRUDEOIL,REFINOBS,KBD,14861.0000,1
US,2002-10,CRUDEOIL,REFINOBS,KBD,14302.9355,1
US,2002-11,CRUDEOIL,REFINOBS,KBD,15155.2000,1
US,2002-12,CRUDEOIL,REFINOBS,KBD,14900.3871,1
US,2003-01,CRUDEOIL,REFINOBS,KBD,14337.6452,1
US,2003-02,CRUDEOIL,REFINOBS,KBD,14380.7500,1
US,2003-03,CRUDEOIL,REFINOBS,KBD,14932.7097,1
US,2003-04,CRUDEOIL,REFINOBS,KBD,15575.0000,1
US,2003-05,CRUDEOIL,REFINOBS,KBD,15910.4839,1
US,2003-06,CRUDEOIL,REFINOBS,KBD,15620.3333,1
US,2003-07,CRUDEOIL,REFINOBS,KBD,15546.3548,1
US,2003-08,CRUDEOIL,REFINOBS,KBD,15693.0968,1
US,2003-09,CRUDEOIL,REFINOBS,KBD,15446.1333,1
US,2003-10,CRUDEOIL,REFINOBS,KBD,15342.0000,1
US,2003-11,CRUDEOIL,REFINOBS,KBD,15455.1667,1
US,2003-12,CRUDEOIL,REFINOBS,KBD,15344.6452,1
US,2004-01,CRUDEOIL,REFINOBS,KBD,14782.1935,1
US,2004-02,CRUDEOIL,REFINOBS,KBD,14706.3448,1
US,2004-03,CRUDEOIL,REFINOBS,KBD,14786.7742,1
US,2004-04,CRUDEOIL,REFINOBS,KBD,15541.4667,1
US,2004-05,CRUDEOIL,REFINOBS,KBD,15992.3548,1
US,2004-06,CRUDEOIL,REFINOBS,KBD,16239.6333,1
US,2004-07,CRUDEOIL,REFINOBS,KBD,16142.1935,1
US,2004-08,CRUDEOIL,REFINOBS,KBD,16142.2581,1
US,2004-09,CRUDEOIL,REFINOBS,KBD,14979.9333,1
US,2004-10,CRUDEOIL,REFINOBS,KBD,14940.7097,1
US,2004-11,CRUDEOIL,REFINOBS,KBD,15664.1667,1
US,2004-12,CRUDEOIL,REFINOBS,KBD,15749.6774,1
US,2005-01,CRUDEOIL,REFINOBS,KBD,15254.2258,1
US,2005-02,CRUDEOIL,REFINOBS,KBD,15142.0000,1
US,2005-03,CRUDEOIL,REFINOBS,KBD,15214.2258,1
US,2005-04,CRUDEOIL,REFINOBS,KBD,15493.5333,1
US,2005-05,CRUDEOIL,REFINOBS,KBD,15905.2581,1
US,2005-06,CRUDEOIL,REFINOBS,KBD,16401.4333,1
US,2005-07,CRUDEOIL,REFINOBS,KBD,15850.2258,1
US,2005-08,CRUDEOIL,REFINOBS,KBD,15664.0645,1
US,2005-09,CRUDEOIL,REFINOBS,KBD,13985.7667,1
US,2005-10,CRUDEOIL,REFINOBS,KBD,13646.0968,1
US,2005-11,CRUDEOIL,REFINOBS,KBD,15032.2000,1
US,2005-12,CRUDEOIL,REFINOBS,KBD,15045.5161,1
US,2006-01,CRUDEOIL,REFINOBS,KBD,14804.9355,1
US,2006-02,CRUDEOIL,REFINOBS,KBD,14580.5357,1
US,2006-03,CRUDEOIL,REFINOBS,KBD,14581.8387,1
US,2006-04,CRUDEOIL,REFINOBS,KBD,14927.7000,1
US,2006-05,CRUDEOIL,REFINOBS,KBD,15516.2581,1
US,2006-06,CRUDEOIL,REFINOBS,KBD,15843.0667,1
US,2006-07,CRUDEOIL,REFINOBS,KBD,15702.2903,1
US,2006-08,CRUDEOIL,REFINOBS,KBD,15792.4516,1
US,2006-09,CRUDEOIL,REFINOBS,KBD,15739.0333,1
US,2006-10,CRUDEOIL,REFINOBS,KBD,15007.9355,1
US,2006-11,CRUDEOIL,REFINOBS,KBD,15008.7333,1
US,2006-12,CRUDEOIL,REFINOBS,KBD,15353.7419,1
US,2007-01,CRUDEOIL,REFINOBS,KBD,14991.5806,1
US,2007-02,CRUDEOIL,REFINOBS,KBD,14435.1429,1
US,2007-03,CRUDEOIL,REFINOBS,KBD,14839.9677,1
US,2007-04,CRUDEOIL,REFINOBS,KBD,15045.3333,1
US,2007-05,CRUDEOIL,REFINOBS,KBD,15380.3226,1
US,2007-06,CRUDEOIL,REFINOBS,KBD,15247.7333,1
US,2007-07,CRUDEOIL,REFINOBS,KBD,15671.1935,1
US,2007-08,CRUDEOIL,REFINOBS,KBD,15685.2258,1
US,2007-09,CRUDEOIL,REFINOBS,KBD,15225.9000,1
US,2007-10,CRUDEOIL,REFINOBS,KBD,14933.0968,1
US,2007-11,CRUDEOIL,REFINOBS,KBD,15151.1667,1
US,2007-12,CRUDEOIL,REFINOBS,KBD,15202.1290,1
US,2008-01,CRUDEOIL,REFINOBS,KBD,14804.2258,1
US,2008-02,CRUDEOIL,REFINOBS,KBD,14625.1724,1
US,2008-03,CRUDEOIL,REFINOBS,KBD,14364.1613,1
US,2008-04,CRUDEOIL,REFINOBS,KBD,14798.8667,1
US,2008-05,CRUDEOIL,REFINOBS,KBD,15263.0645,1
US,2008-06,CRUDEOIL,REFINOBS,KBD,15417.4000,1
US,2008-07,CRUDEOIL,REFINOBS,KBD,15255.4516,1
US,2008-08,CRUDEOIL,REFINOBS,KBD,14947.2903,1
US,2008-09,CRUDEOIL,REFINOBS,KBD,12759.3667,1
US,2008-10,CRUDEOIL,REFINOBS,KBD,14552.4194,1
US,2008-11,CRUDEOIL,REFINOBS,KBD,14606.1333,1
US,2008-12,CRUDEOIL,REFINOBS,KBD,14352.2258,1
US,2009-01,CRUDEOIL,REFINOBS,KBD,14146.1613,1
US,2009-02,CRUDEOIL,REFINOBS,KBD,14133.7500,1
US,2009-03,CRUDEOIL,REFINOBS,KBD,14118.4516,1
US,2009-04,CRUDEOIL,REFINOBS,KBD,14382.3000,1
US,2009-05,CRUDEOIL,REFINOBS,KBD,14482.6129,1
US,2009-06,CRUDEOIL,REFINOBS,KBD,14850.2333,1
US,2009-07,CRUDEOIL,REFINOBS,KBD,14636.3548,1
US,2009-08,CRUDEOIL,REFINOBS,KBD,14592.6452,1
US,2009-09,CRUDEOIL,REFINOBS,KBD,14710.1333,1
US,2009-10,CRUDEOIL,REFINOBS,KBD,14095.2903,1
US,2009-11,CRUDEOIL,REFINOBS,KBD,13897.6000,1
US,2009-12,CRUDEOIL,REFINOBS,KBD,13983.4194,1
US,2010-01,CRUDEOIL,REFINOBS,KBD,13666.4839,1
US,2010-02,CRUDEOIL,REFINOBS,KBD,13949.7500,1
US,2010-03,CRUDEOIL,REFINOBS,KBD,14313.6774,1
US,2010-04,CRUDEOIL,REFINOBS,KBD,15130.8333,1
US,2010-05,CRUDEOIL,REFINOBS,KBD,15215.0968,1
US,2010-06,CRUDEOIL,REFINOBS,KBD,15381.8000,1
US,2010-07,CRUDEOIL,REFINOBS,KBD,15518.9355,1
US,2010-08,CRUDEOIL,REFINOBS,KBD,15109.9355,1
US,2010-09,CRUDEOIL,REFINOBS,KBD,14740.1333,1
US,2010-10,CRUDEOIL,REFINOBS,KBD,14000.0323,1
US,2010-11,CRUDEOIL,REFINOBS,KBD,14637.0000,1
US,2010-12,CRUDEOIL,REFINOBS,KBD,14976.0968,1
US,2011-01,CRUDEOIL,REFINOBS,KBD,14422.8065,1
US,2011-02,CRUDEOIL,REFINOBS,KBD,13676.0357,1
US,2011-03,CRUDEOIL,REFINOBS,KBD,14451.2258,1
US,2011-04,CRUDEOIL,REFINOBS,KBD,14230.5667,1
US,2011-05,CRUDEOIL,REFINOBS,KBD,14717.8065,1
US,2011-06,CRUDEOIL,REFINOBS,KBD,15294.1667,1
US,2011-07,CRUDEOIL,REFINOBS,KBD,15589.3871,1
US,2011-08,CRUDEOIL,REFINOBS,KBD,15556.0968,1
US,2011-09,CRUDEOIL,REFINOBS,KBD,15274.9333,1
US,2011-10,CRUDEOIL,REFINOBS,KBD,14569.6452,1
US,2011-11,CRUDEOIL,REFINOBS,KBD,14960.0667,1
US,2011-12,CRUDEOIL,REFINOBS,KBD,14842.2581,1
US,2012-01,CRUDEOIL,REFINOBS,KBD,14374.0645,1
US,2012-02,CRUDEOIL,REFINOBS,KBD,14615.3793,1
US,2012-03,CRUDEOIL,REFINOBS,KBD,14476.2903,1
US,2012-04,CRUDEOIL,REFINOBS,KBD,14609.4333,1
US,2012-05,CRUDEOIL,REFINOBS,KBD,15096.6774,1
US,2012-06,CRUDEOIL,REFINOBS,KBD,15636.5333,1
US,2012-07,CRUDEOIL,REFINOBS,KBD,15665.2903,1
US,2012-08,CRUDEOIL,REFINOBS,KBD,15324.5806,1
US,2012-09,CRUDEOIL,REFINOBS,KBD,14910.1333,1
US,2012-10,CRUDEOIL,REFINOBS,KBD,14843.4516,1
US,2012-11,CRUDEOIL,REFINOBS,KBD,15085.3000,1
US,2012-12,CRUDEOIL,REFINOBS,KBD,15330.2258,1
US,2013-01,CRUDEOIL,REFINOBS,KBD,14567.2258,1
US,2013-02,CRUDEOIL,REFINOBS,KBD,14230.3571,1
US,2013-03,CRUDEOIL,REFINOBS,KBD,14702.6129,1
US,2013-04,CRUDEOIL,REFINOBS,KBD,14864.4333,1
US,2013-05,CRUDEOIL,REFINOBS,KBD,15304.8387,1
US,2013-06,CRUDEOIL,REFINOBS,KBD,15833.0333,1
US,2013-07,CRUDEOIL,REFINOBS,KBD,16041.6774,1
US,2013-08,CRUDEOIL,REFINOBS,KBD,15793.1935,1
US,2013-09,CRUDEOIL,REFINOBS,KBD,15635.8000,1
US,2013-10,CRUDEOIL,REFINOBS,KBD,14991.1290,1
US,2013-11,CRUDEOIL,REFINOBS,KBD,15632.9667,1
US,2013-12,CRUDEOIL,REFINOBS,KBD,16069.2903,1
US,2014-01,CRUDEOIL,REFINOBS,KBD,15311.0645,1
US,2014-02,CRUDEOIL,REFINOBS,KBD,15127.5714,1
US,2014-03,CRUDEOIL,REFINOBS,KBD,15115.7419,1
US,2014-04,CRUDEOIL,REFINOBS,KBD,15864.1333,1
US,2014-05,CRUDEOIL,REFINOBS,KBD,15945.5484,1
US,2014-06,CRUDEOIL,REFINOBS,KBD,15817.3000,1
US,2014-07,CRUDEOIL,REFINOBS,KBD,16534.4516,1
US,2014-08,CRUDEOIL,REFINOBS,KBD,16460.3548,1
US,2014-09,CRUDEOIL,REFINOBS,KBD,16073.5000,1
US,2014-10,CRUDEOIL,REFINOBS,KBD,15361.0323,1
US,2014-11,CRUDEOIL,REFINOBS,KBD,16043.4333,1
US,2014-12,CRUDEOIL,REFINOBS,KBD,16469.0323,1
US,2015-01,CRUDEOIL,REFINOBS,KBD,15456.1290,1
US,2015-02,CRUDEOIL,REFINOBS,KBD,15341.5714,1
US,2015-03,CRUDEOIL,REFINOBS,KBD,15640.0000,1
US,2015-04,CRUDEOIL,REFINOBS,KBD,16272.8000,1
US,2015-05,CRUDEOIL,REFINOBS,KBD,16401.6129,1
US,2015-06,CRUDEOIL,REFINOBS,KBD,16701.1333,1
US,2015-07,CRUDEOIL,REFINOBS,KBD,16878.6452,1
US,2015-08,CRUDEOIL,REFINOBS,KBD,16700.2258,1
US,2015-09,CRUDEOIL,REFINOBS,KBD,16167.6000,1
US,2015-10,CRUDEOIL,REFINOBS,KBD,15439.8710,1
US,2015-11,CRUDEOIL,REFINOBS,KBD,16458.0333,1
US,2015-12,CRUDEOIL,REFINOBS,KBD,16741.5484,1
US,2016-01,CRUDEOIL,REFINOBS,KBD,15951.2903,1
US,2016-02,CRUDEOIL,REFINOBS,KBD,15842.8276,1
US,2016-03,CRUDEOIL,REFINOBS,KBD,16082.4516,1
US,2016-04,CRUDEOIL,REFINOBS,KBD,15920.2667,1
US,2016-05,CRUDEOIL,REFINOBS,KBD,16236.8065,1
US,2016-06,CRUDEOIL,REFINOBS,KBD,16432.6000,1
US,2016-07,CRUDEOIL,REFINOBS,KBD,16621.1935,1
US,2016-08,CRUDEOIL,REFINOBS,KBD,16593.3548,1
US,2016-09,CRUDEOIL,REFINOBS,KBD,16339.8333,1
US,2016-10,CRUDEOIL,REFINOBS,KBD,15454.3548,1
US,2016-11,CRUDEOIL,REFINOBS,KBD,16235.2333,1
US,2016-12,CRUDEOIL,REFINOBS,KBD,16515.8710,1
US,2017-01,CRUDEOIL,REFINOBS,KBD,16118.2258,1
US,2017-02,CRUDEOIL,REFINOBS,KBD,15493.1071,1
US,2017-03,CRUDEOIL,REFINOBS,KBD,16047.9355,1
US,2017-04,CRUDEOIL,REFINOBS,KBD,16954.4333,1
US,2017-05,CRUDEOIL,REFINOBS,KBD,17222.3871,1
US,2017-06,CRUDEOIL,REFINOBS,KBD,17204.0667,1
US,2017-07,CRUDEOIL,REFINOBS,KBD,17317.4516,1
US,2017-08,CRUDEOIL,REFINOBS,KBD,16980.5161,1
US,2017-09,CRUDEOIL,REFINOBS,KBD,15460.2000,1
US,2017-10,CRUDEOIL,REFINOBS,KBD,16061.1935,1
US,2017-11,CRUDEOIL,REFINOBS,KBD,16839.6000,1
US,2017-12,CRUDEOIL,REFINOBS,KBD,17274.3871,1
US,2018-01,CRUDEOIL,REFINOBS,KBD,16599.1935,1
US,2018-02,CRUDEOIL,REFINOBS,KBD,15936.2500,1
US,2018-03,CRUDEOIL,REFINOBS,KBD,16665.1290,1
US,2018-04,CRUDEOIL,REFINOBS,KBD,16766.2000,1
US,2018-05,CRUDEOIL,REFINOBS,KBD,16968.7419,1
US,2018-06,CRUDEOIL,REFINOBS,KBD,17665.6667,1
US,2018-07,CRUDEOIL,REFINOBS,KBD,17357.0000,1
US,2018-08,CRUDEOIL,REFINOBS,KBD,17622.9032,1
US,2018-09,CRUDEOIL,REFINOBS,KBD,16990.8667,1
US,2018-10,CRUDEOIL,REFINOBS,KBD,16412.2258,1
US,2018-11,CRUDEOIL,REFINOBS,KBD,17162.1000,1
US,2018-12,CRUDEOIL,REFINOBS,KBD,17409.3871,1
US,2019-01,CRUDEOIL,REFINOBS,KBD,16782.9677,1
US,2019-02,CRUDEOIL,REFINOBS,KBD,15845.7500,1
US,2019-03,CRUDEOIL,REFINOBS,KBD,15934.6774,1
US,2019-04,CRUDEOIL,REFINOBS,KBD,16341.2000,1
US,2019-05,CRUDEOIL,REFINOBS,KBD,16719.4516,1
US,2019-06,CRUDEOIL,REFINOBS,KBD,17235.8000,1
US,2019-07,CRUDEOIL,REFINOBS,KBD,17175.1935,1
US,2019-08,CRUDEOIL,REFINOBS,KBD,17296.8387,1
US,2019-09,CRUDEOIL,REFINOBS,KBD,16403.1000,1
US,2019-10,CRUDEOIL,REFINOBS,KBD,15680.8710,1
US,2019-11,CRUDEOIL,REFINOBS,KBD,16481.7667,1
US,2019-12,CRUDEOIL,REFINOBS,KBD,16792.5484,1
US,2020-01,CRUDEOIL,REFINOBS,KBD,16228.5161,1
US,2020-02,CRUDEOIL,REFINOBS,KBD,15865.4138,1
US,2020-03,CRUDEOIL,REFINOBS,KBD,15230.4516,1
US,2020-04,CRUDEOIL,REFINOBS,KBD,12772.3333,1
US,2020-05,CRUDEOIL,REFINOBS,KBD,12968.0323,1
US,2020-06,CRUDEOIL,REFINOBS,KBD,13734.3667,1
US,2020-07,CRUDEOIL,REFINOBS,KBD,14333.5806,1
US,2020-08,CRUDEOIL,REFINOBS,KBD,14151.7097,1
US,2020-09,CRUDEOIL,REFINOBS,KBD,13579.5333,1
US,2020-10,CRUDEOIL,REFINOBS,KBD,13484.5161,1
US,2020-11,CRUDEOIL,REFINOBS,KBD,14192.4000,1
US,2020-12,CRUDEOIL,REFINOBS,KBD,14203.9355,1
US,2021-01,CRUDEOIL,REFINOBS,KBD,14625.3871,1
US,2021-02,CRUDEOIL,REFINOBS,KBD,12480.7500,1
US,2021-03,CRUDEOIL,REFINOBS,KBD,14468.5161,1
US,2021-04,CRUDEOIL,REFINOBS,KBD,15256.9667,1
US,2021-05,CRUDEOIL,REFINOBS,KBD,15595.6774,1
US,2021-06,CRUDEOIL,REFINOBS,KBD,16190.2333,1
US,2021-07,CRUDEOIL,REFINOBS,KBD,15851.8387,1
US,2021-08,CRUDEOIL,REFINOBS,KBD,15726.0000,1
US,2021-09,CRUDEOIL,REFINOBS,KBD,15231.6667,1
US,2021-10,CRUDEOIL,REFINOBS,KBD,15045.3548,1
US,2021-11,CRUDEOIL,REFINOBS,KBD,15683.9667,1
US,2021-12,CRUDEOIL,REFINOBS,KBD,15756.9032,1
US,2022-01,CRUDEOIL,REFINOBS,KBD,15467.6774,1
US,2022-02,CRUDEOIL,REFINOBS,KBD,15397.2857,1
US,2022-03,CRUDEOIL,REFINOBS,KBD,15846.8065,1
US,2022-04,CRUDEOIL,REFINOBS,KBD,15648.3000,1
US,2022-05,CRUDEOIL,REFINOBS,KBD,16238.7742,1
US,2022-06,CRUDEOIL,REFINOBS,KBD,16571.0000,1
US,2022-07,CRUDEOIL,REFINOBS,KBD,16358.0000,1
US,2022-08,CRUDEOIL,REFINOBS,KBD,16427.6774,1
US,2022-09,CRUDEOIL,REFINOBS,KBD,16141.2000,1
US,2022-10,CRUDEOIL,REFINOBS,KBD,15775.8065,1
US,2022-11,CRUDEOIL,REFINOBS,KBD,16450.4667,1
US,2022-12,CRUDEOIL,REFINOBS,KBD,15376.9355,1
US,2023-01,CRUDEOIL,REFINOBS,KBD,15086.5484,1
US,2023-02,CRUDEOIL,REFINOBS,KBD,15125.6071,1
US,2023-03,CRUDEOIL,REFINOBS,KBD,15512.5161,1
US,2023-04,CRUDEOIL,REFINOBS,KBD,15839.8333,1
US,2023-05,CRUDEOIL,REFINOBS,KBD,16215.0323,1
US,2023-06,CRUDEOIL,REFINOBS,KBD,16406.1333,1
US,2023-07,CRUDEOIL,REFINOBS,KBD,16627.9677,1
US,2023-08,CRUDEOIL,REFINOBS,KBD,16689.4839,1
US,2023-09,CRUDEOIL,REFINOBS,KBD,16239.3000,1
US,2023-10,CRUDEOIL,REFINOBS,KBD,15356.9032,1
US,2023-11,CRUDEOIL,REFINOBS,KBD,15937.1667,1
US,2023-12,CRUDEOIL,REFINOBS,KBD,16501.8387,1
US,2024-01,CRUDEOIL,REFINOBS,KBD,15399.3871,1
US,2024-02,CRUDEOIL,REFINOBS,KBD,14881.8621,1
US,2024-03,CRUDEOIL,REFINOBS,KBD,15864.6129,1
US,2024-04,CRUDEOIL,REFINOBS,KBD,15881.7667,1
US,2024-05,CRUDEOIL,REFINOBS,KBD,16718.4839,1
US,2024-06,CRUDEOIL,REFINOBS,KBD,16814.8667,1
US,2024-07,CRUDEOIL,REFINOBS,KBD,16567.1935,1
US,2024-08,CRUDEOIL,REFINOBS,KBD,16838.7097,1
US,2024-09,CRUDEOIL,REFINOBS,KBD,16200.5667,1
US,2024-10,CRUDEOIL,REFINOBS,KBD,16120.1613,1
US,2024-11,CRUDEOIL,REFINOBS,KBD,16553.7000,1
US,2024-12,CRUDEOIL,REFINOBS,KBD,16772.1290,1
US,2025-01,CRUDEOIL,REFINOBS,KBD,15737.0000,1
US,2025-02,CRUDEOIL,REFINOBS,KBD,15357.3929,1
US,2025-03,CRUDEOIL,REFINOBS,KBD,15663.0968,1
US,2002-01,GASDIES,TOTDEMO,KBD,4018.5806,1
US,2002-02,GASDIES,TOTDEMO,KBD,3788.2143,1
US,2002-03,GASDIES,TOTDEMO,KBD,3852.6452,1
US,2002-04,GASDIES,TOTDEMO,KBD,3883.4667,1
US,2002-05,GASDIES,TOTDEMO,KBD,3766.0000,1
US,2002-06,GASDIES,TOTDEMO,KBD,3668.4000,1
US,2002-07,GASDIES,TOTDEMO,KBD,3761.6129,1
US,2002-08,GASDIES,TOTDEMO,KBD,3815.7742,1
US,2002-09,GASDIES,TOTDEMO,KBD,3803.4000,1
US,2002-10,GASDIES,TOTDEMO,KBD,3909.4194,1
US,2002-11,GASDIES,TOTDEMO,KBD,4016.3000,1
US,2002-12,GASDIES,TOTDEMO,KBD,4000.6129,1
US,2003-01,GASDIES,TOTDEMO,KBD,4382.8710,1
US,2003-02,GASDIES,TOTDEMO,KBD,4441.0714,1
US,2003-03,GASDIES,TOTDEMO,KBD,4111.5484,1
US,2003-04,GASDIES,TOTDEMO,KBD,4016.2333,1
US,2003-05,GASDIES,TOTDEMO,KBD,3742.2258,1
US,2003-06,GASDIES,TOTDEMO,KBD,3868.0667,1
US,2003-07,GASDIES,TOTDEMO,KBD,3764.3871,1
US,2003-08,GASDIES,TOTDEMO,KBD,3845.6774,1
US,2003-09,GASDIES,TOTDEMO,KBD,3949.4667,1
US,2003-10,GASDIES,TOTDEMO,KBD,4052.5484,1
US,2003-11,GASDIES,TOTDEMO,KBD,3916.7333,1
US,2003-12,GASDIES,TOTDEMO,KBD,4109.2903,1
US,2004-01,GASDIES,TOTDEMO,KBD,4416.8065,1
US,2004-02,GASDIES,TOTDEMO,KBD,4312.2759,1
US,2004-03,GASDIES,TOTDEMO,KBD,4264.5484,1
US,2004-04,GASDIES,TOTDEMO,KBD,4212.3667,1
US,2004-05,GASDIES,TOTDEMO,KBD,3934.0968,1
US,2004-06,GASDIES,TOTDEMO,KBD,3977.1333,1
US,2004-07,GASDIES,TOTDEMO,KBD,3911.4839,1
US,2004-08,GASDIES,TOTDEMO,KBD,3981.4839,1
US,2004-09,GASDIES,TOTDEMO,KBD,4143.6000,1
US,2004-10,GASDIES,TOTDEMO,KBD,4212.0323,1
US,2004-11,GASDIES,TOTDEMO,KBD,4152.3667,1
US,2004-12,GASDIES,TOTDEMO,KBD,4248.4516,1
US,2005-01,GASDIES,TOTDEMO,KBD,4303.4839,1
US,2005-02,GASDIES,TOTDEMO,KBD,4279.7143,1
US,2005-03,GASDIES,TOTDEMO,KBD,4458.2581,1
US,2005-04,GASDIES,TOTDEMO,KBD,4165.8333,1
US,2005-05,GASDIES,TOTDEMO,KBD,4127.8387,1
US,2005-06,GASDIES,TOTDEMO,KBD,4123.3000,1
US,2005-07,GASDIES,TOTDEMO,KBD,3935.7742,1
US,2005-08,GASDIES,TOTDEMO,KBD,4111.1290,1
US,2005-09,GASDIES,TOTDEMO,KBD,4191.7000,1
US,2005-10,GASDIES,TOTDEMO,KBD,4184.1290,1
US,2005-11,GASDIES,TOTDEMO,KBD,4151.0000,1
US,2005-12,GASDIES,TOTDEMO,KBD,4409.1613,1
US,2006-01,GASDIES,TOTDEMO,KBD,4235.4194,1
US,2006-02,GASDIES,TOTDEMO,KBD,4381.3571,1
US,2006-03,GASDIES,TOTDEMO,KBD,4496.6129,1
US,2006-04,GASDIES,TOTDEMO,KBD,4126.3000,1
US,2006-05,GASDIES,TOTDEMO,KBD,4157.5484,1
US,2006-06,GASDIES,TOTDEMO,KBD,4099.2333,1
US,2006-07,GASDIES,TOTDEMO,KBD,4026.5161,1
US,2006-08,GASDIES,TOTDEMO,KBD,4247.8710,1
US,2006-09,GASDIES,TOTDEMO,KBD,4213.2333,1
US,2006-10,GASDIES,TOTDEMO,KBD,4413.2581,1
US,2006-11,GASDIES,TOTDEMO,KBD,4264.5333,1
US,2006-12,GASDIES,TOTDEMO,KBD,4334.0645,1
US,2007-01,GASDIES,TOTDEMO,KBD,4328.0323,1
US,2007-02,GASDIES,TOTDEMO,KBD,4651.2143,1
US,2007-03,GASDIES,TOTDEMO,KBD,4429.6452,1
US,2007-04,GASDIES,TOTDEMO,KBD,4271.7667,1
US,2007-05,GASDIES,TOTDEMO,KBD,4148.3226,1
US,2007-06,GASDIES,TOTDEMO,KBD,4189.6333,1
US,2007-07,GASDIES,TOTDEMO,KBD,4098.7742,1
US,2007-08,GASDIES,TOTDEMO,KBD,4226.3226,1
US,2007-09,GASDIES,TOTDEMO,KBD,4228.4000,1
US,2007-10,GASDIES,TOTDEMO,KBD,4305.3226,1
US,2007-11,GASDIES,TOTDEMO,KBD,4154.1000,1
US,2007-12,GASDIES,TOTDEMO,KBD,4255.6452,1
US,2008-01,GASDIES,TOTDEMO,KBD,4248.9032,1
US,2008-02,GASDIES,TOTDEMO,KBD,4336.0690,1
US,2008-03,GASDIES,TOTDEMO,KBD,4236.5806,1
US,2008-04,GASDIES,TOTDEMO,KBD,4151.3667,1
US,2008-05,GASDIES,TOTDEMO,KBD,3994.0968,1
US,2008-06,GASDIES,TOTDEMO,KBD,3822.3333,1
US,2008-07,GASDIES,TOTDEMO,KBD,3745.4194,1
US,2008-08,GASDIES,TOTDEMO,KBD,3722.8710,1
US,2008-09,GASDIES,TOTDEMO,KBD,3793.5000,1
US,2008-10,GASDIES,TOTDEMO,KBD,4254.6129,1
US,2008-11,GASDIES,TOTDEMO,KBD,3934.5667,1
US,2008-12,GASDIES,TOTDEMO,KBD,3832.7419,1
US,2009-01,GASDIES,TOTDEMO,KBD,4133.2903,1
US,2009-02,GASDIES,TOTDEMO,KBD,3916.2500,1
US,2009-03,GASDIES,TOTDEMO,KBD,3816.3871,1
US,2009-04,GASDIES,TOTDEMO,KBD,3499.0333,1
US,2009-05,GASDIES,TOTDEMO,KBD,3497.2903,1
US,2009-06,GASDIES,TOTDEMO,KBD,3570.3333,1
US,2009-07,GASDIES,TOTDEMO,KBD,3449.9032,1
US,2009-08,GASDIES,TOTDEMO,KBD,3487.4839,1
US,2009-09,GASDIES,TOTDEMO,KBD,3612.0667,1
US,2009-10,GASDIES,TOTDEMO,KBD,3724.0968,1
US,2009-11,GASDIES,TOTDEMO,KBD,3656.5333,1
US,2009-12,GASDIES,TOTDEMO,KBD,3909.2903,1
US,2010-01,GASDIES,TOTDEMO,KBD,3747.2581,1
US,2010-02,GASDIES,TOTDEMO,KBD,3899.4643,1
US,2010-03,GASDIES,TOTDEMO,KBD,3896.6452,1
US,2010-04,GASDIES,TOTDEMO,KBD,3796.4000,1
US,2010-05,GASDIES,TOTDEMO,KBD,3690.6452,1
US,2010-06,GASDIES,TOTDEMO,KBD,3791.5667,1
US,2010-07,GASDIES,TOTDEMO,KBD,3591.2258,1
US,2010-08,GASDIES,TOTDEMO,KBD,3881.7742,1
US,2010-09,GASDIES,TOTDEMO,KBD,3930.4000,1
US,2010-10,GASDIES,TOTDEMO,KBD,3832.7097,1
US,2010-11,GASDIES,TOTDEMO,KBD,3925.0667,1
US,2010-12,GASDIES,TOTDEMO,KBD,4216.4516,1
US,2011-01,GASDIES,TOTDEMO,KBD,4003.8065,1
US,2011-02,GASDIES,TOTDEMO,KBD,3957.5714,1
US,2011-03,GASDIES,TOTDEMO,KBD,4105.9677,1
US,2011-04,GASDIES,TOTDEMO,KBD,3791.4333,1
US,2011-05,GASDIES,TOTDEMO,KBD,3750.4839,1
US,2011-06,GASDIES,TOTDEMO,KBD,3995.5000,1
US,2011-07,GASDIES,TOTDEMO,KBD,3609.9032,1
US,2011-08,GASDIES,TOTDEMO,KBD,4060.2258,1
US,2011-09,GASDIES,TOTDEMO,KBD,3979.4000,1
US,2011-10,GASDIES,TOTDEMO,KBD,4062.0000,1
US,2011-11,GASDIES,TOTDEMO,KBD,4160.2333,1
US,2011-12,GASDIES,TOTDEMO,KBD,3893.2903,1
US,2012-01,GASDIES,TOTDEMO,KBD,3903.1613,1
US,2012-02,GASDIES,TOTDEMO,KBD,3963.4138,1
US,2012-03,GASDIES,TOTDEMO,KBD,3770.7742,1
US,2012-04,GASDIES,TOTDEMO,KBD,3753.0000,1
US,2012-05,GASDIES,TOTDEMO,KBD,3803.3226,1
US,2012-06,GASDIES,TOTDEMO,KBD,3776.6333,1
US,2012-07,GASDIES,TOTDEMO,KBD,3599.0645,1
US,2012-08,GASDIES,TOTDEMO,KBD,3790.1935,1
US,2012-09,GASDIES,TOTDEMO,KBD,3714.1667,1
US,2012-10,GASDIES,TOTDEMO,KBD,3906.2581,1
US,2012-11,GASDIES,TOTDEMO,KBD,3894.2333,1
US,2012-12,GASDIES,TOTDEMO,KBD,3565.7742,1
US,2013-01,GASDIES,TOTDEMO,KBD,4095.8065,1
US,2013-02,GASDIES,TOTDEMO,KBD,4018.1786,1
US,2013-03,GASDIES,TOTDEMO,KBD,3814.0323,1
US,2013-04,GASDIES,TOTDEMO,KBD,3881.9333,1
US,2013-05,GASDIES,TOTDEMO,KBD,3786.8065,1
US,2013-06,GASDIES,TOTDEMO,KBD,3698.5000,1
US,2013-07,GASDIES,TOTDEMO,KBD,3655.3226,1
US,2013-08,GASDIES,TOTDEMO,KBD,3731.1613,1
US,2013-09,GASDIES,TOTDEMO,KBD,3756.8000,1
US,2013-10,GASDIES,TOTDEMO,KBD,4082.0323,1
US,2013-11,GASDIES,TOTDEMO,KBD,3930.8333,1
US,2013-12,GASDIES,TOTDEMO,KBD,3916.6129,1
US,2014-01,GASDIES,TOTDEMO,KBD,4374.2903,1
US,2014-02,GASDIES,TOTDEMO,KBD,4194.4286,1
US,2014-03,GASDIES,TOTDEMO,KBD,4111.4516,1
US,2014-04,GASDIES,TOTDEMO,KBD,4017.6667,1
US,2014-05,GASDIES,TOTDEMO,KBD,3989.8065,1
US,2014-06,GASDIES,TOTDEMO,KBD,3937.4667,1
US,2014-07,GASDIES,TOTDEMO,KBD,3901.0645,1
US,2014-08,GASDIES,TOTDEMO,KBD,3913.0645,1
US,2014-09,GASDIES,TOTDEMO,KBD,3965.8333,1
US,2014-10,GASDIES,TOTDEMO,KBD,4309.9677,1
US,2014-11,GASDIES,TOTDEMO,KBD,3955.1000,1
US,2014-12,GASDIES,TOTDEMO,KBD,4208.2903,1
US,2015-01,GASDIES,TOTDEMO,KBD,4220.3226,1
US,2015-02,GASDIES,TOTDEMO,KBD,4593.6786,1
US,2015-03,GASDIES,TOTDEMO,KBD,4123.9677,1
US,2015-04,GASDIES,TOTDEMO,KBD,4055.5000,1
US,2015-05,GASDIES,TOTDEMO,KBD,3816.0323,1
US,2015-06,GASDIES,TOTDEMO,KBD,3933.0333,1
US,2015-07,GASDIES,TOTDEMO,KBD,3936.0645,1
US,2015-08,GASDIES,TOTDEMO,KBD,3953.2903,1
US,2015-09,GASDIES,TOTDEMO,KBD,4095.8000,1
US,2015-10,GASDIES,TOTDEMO,KBD,4058.2258,1
US,2015-11,GASDIES,TOTDEMO,KBD,3778.5333,1
US,2015-12,GASDIES,TOTDEMO,KBD,3861.5161,1
US,2016-01,GASDIES,TOTDEMO,KBD,3881.1935,1
US,2016-02,GASDIES,TOTDEMO,KBD,4026.8621,1
US,2016-03,GASDIES,TOTDEMO,KBD,3987.8065,1
US,2016-04,GASDIES,TOTDEMO,KBD,3824.0333,1
US,2016-05,GASDIES,TOTDEMO,KBD,3766.3226,1
US,2016-06,GASDIES,TOTDEMO,KBD,3885.1000,1
US,2016-07,GASDIES,TOTDEMO,KBD,3628.6129,1
US,2016-08,GASDIES,TOTDEMO,KBD,3914.8387,1
US,2016-09,GASDIES,TOTDEMO,KBD,3941.3333,1
US,2016-10,GASDIES,TOTDEMO,KBD,4025.6452,1
US,2016-11,GASDIES,TOTDEMO,KBD,3972.6000,1
US,2016-12,GASDIES,TOTDEMO,KBD,4070.2581,1
US,2017-01,GASDIES,TOTDEMO,KBD,3767.1290,1
US,2017-02,GASDIES,TOTDEMO,KBD,3965.6429,1
US,2017-03,GASDIES,TOTDEMO,KBD,4159.4516,1
US,2017-04,GASDIES,TOTDEMO,KBD,3795.5333,1
US,2017-05,GASDIES,TOTDEMO,KBD,3989.2581,1
US,2017-06,GASDIES,TOTDEMO,KBD,3998.4333,1
US,2017-07,GASDIES,TOTDEMO,KBD,3679.6129,1
US,2017-08,GASDIES,TOTDEMO,KBD,4041.4516,1
US,2017-09,GASDIES,TOTDEMO,KBD,3959.6000,1
US,2017-10,GASDIES,TOTDEMO,KBD,4047.0323,1
US,2017-11,GASDIES,TOTDEMO,KBD,4192.9333,1
US,2017-12,GASDIES,TOTDEMO,KBD,4011.2581,1
US,2018-01,GASDIES,TOTDEMO,KBD,4520.9677,1
US,2018-02,GASDIES,TOTDEMO,KBD,4008.5000,1
US,2018-03,GASDIES,TOTDEMO,KBD,4227.6129,1
US,2018-04,GASDIES,TOTDEMO,KBD,4170.4000,1
US,2018-05,GASDIES,TOTDEMO,KBD,4241.4839,1
US,2018-06,GASDIES,TOTDEMO,KBD,3992.6333,1
US,2018-07,GASDIES,TOTDEMO,KBD,3998.7097,1
US,2018-08,GASDIES,TOTDEMO,KBD,4231.9032,1
US,2018-09,GASDIES,TOTDEMO,KBD,4058.6667,1
US,2018-10,GASDIES,TOTDEMO,KBD,4382.0645,1
US,2018-11,GASDIES,TOTDEMO,KBD,4237.7333,1
US,2018-12,GASDIES,TOTDEMO,KBD,4053.7742,1
US,2019-01,GASDIES,TOTDEMO,KBD,4353.1935,1
US,2019-02,GASDIES,TOTDEMO,KBD,4332.5000,1
US,2019-03,GASDIES,TOTDEMO,KBD,4210.8065,1
US,2019-04,GASDIES,TOTDEMO,KBD,4146.4667,1
US,2019-05,GASDIES,TOTDEMO,KBD,4137.4839,1
US,2019-06,GASDIES,TOTDEMO,KBD,4021.5000,1
US,2019-07,GASDIES,TOTDEMO,KBD,3941.7742,1
US,2019-08,GASDIES,TOTDEMO,KBD,4060.0968,1
US,2019-09,GASDIES,TOTDEMO,KBD,3951.3000,1
US,2019-10,GASDIES,TOTDEMO,KBD,4253.1290,1
US,2019-11,GASDIES,TOTDEMO,KBD,4230.0667,1
US,2019-12,GASDIES,TOTDEMO,KBD,3956.0968,1
US,2020-01,GASDIES,TOTDEMO,KBD,4060.6452,1
US,2020-02,GASDIES,TOTDEMO,KBD,4115.6897,1
US,2020-03,GASDIES,TOTDEMO,KBD,4008.6129,1
US,2020-04,GASDIES,TOTDEMO,KBD,3556.2333,1
US,2020-05,GASDIES,TOTDEMO,KBD,3485.2903,1
US,2020-06,GASDIES,TOTDEMO,KBD,3531.8000,1
US,2020-07,GASDIES,TOTDEMO,KBD,3650.5161,1
US,2020-08,GASDIES,TOTDEMO,KBD,3707.4839,1
US,2020-09,GASDIES,TOTDEMO,KBD,3847.5667,1
US,2020-10,GASDIES,TOTDEMO,KBD,4081.9677,1
US,2020-11,GASDIES,TOTDEMO,KBD,3919.0000,1
US,2020-12,GASDIES,TOTDEMO,KBD,3919.6129,1
US,2021-01,GASDIES,TOTDEMO,KBD,4052.9677,1
US,2021-02,GASDIES,TOTDEMO,KBD,4122.5714,1
US,2021-03,GASDIES,TOTDEMO,KBD,4250.5484,1
US,2021-04,GASDIES,TOTDEMO,KBD,4206.5333,1
US,2021-05,GASDIES,TOTDEMO,KBD,4079.1290,1
US,2021-06,GASDIES,TOTDEMO,KBD,4108.6333,1
US,2021-07,GASDIES,TOTDEMO,KBD,3829.9032,1
US,2021-08,GASDIES,TOTDEMO,KBD,4164.7742,1
US,2021-09,GASDIES,TOTDEMO,KBD,4171.0667,1
US,2021-10,GASDIES,TOTDEMO,KBD,4172.7097,1
US,2021-11,GASDIES,TOTDEMO,KBD,4380.8000,1
US,2021-12,GASDIES,TOTDEMO,KBD,4132.2903,1
US,2022-01,GASDIES,TOTDEMO,KBD,4287.0000,1
US,2022-02,GASDIES,TOTDEMO,KBD,4539.1071,1
US,2022-03,GASDIES,TOTDEMO,KBD,4380.9032,1
US,2022-04,GASDIES,TOTDEMO,KBD,4165.7000,1
US,2022-05,GASDIES,TOTDEMO,KBD,4068.7742,1
US,2022-06,GASDIES,TOTDEMO,KBD,4284.0000,1
US,2022-07,GASDIES,TOTDEMO,KBD,3919.5161,1
US,2022-08,GASDIES,TOTDEMO,KBD,4160.6452,1
US,2022-09,GASDIES,TOTDEMO,KBD,4289.1000,1
US,2022-10,GASDIES,TOTDEMO,KBD,4403.2258,1
US,2022-11,GASDIES,TOTDEMO,KBD,4286.5000,1
US,2022-12,GASDIES,TOTDEMO,KBD,4008.5806,1
US,2023-01,GASDIES,TOTDEMO,KBD,4138.2258,1
US,2023-02,GASDIES,TOTDEMO,KBD,4254.6786,1
US,2023-03,GASDIES,TOTDEMO,KBD,4367.6452,1
US,2023-04,GASDIES,TOTDEMO,KBD,4162.1000,1
US,2023-05,GASDIES,TOTDEMO,KBD,4267.8710,1
US,2023-06,GASDIES,TOTDEMO,KBD,4284.7333,1
US,2023-07,GASDIES,TOTDEMO,KBD,3931.2903,1
US,2023-08,GASDIES,TOTDEMO,KBD,4453.5806,1
US,2023-09,GASDIES,TOTDEMO,KBD,4253.8000,1
US,2023-10,GASDIES,TOTDEMO,KBD,4375.1613,1
US,2023-11,GASDIES,TOTDEMO,KBD,4289.7333,1
US,2023-12,GASDIES,TOTDEMO,KBD,3956.2903,1
US,2024-01,GASDIES,TOTDEMO,KBD,4161.2581,1
US,2024-02,GASDIES,TOTDEMO,KBD,4282.0000,1
US,2024-03,GASDIES,TOTDEMO,KBD,4011.0645,1
US,2024-04,GASDIES,TOTDEMO,KBD,4147.3000,1
US,2024-05,GASDIES,TOTDEMO,KBD,4112.2581,1
US,2024-06,GASDIES,TOTDEMO,KBD,3972.3000,1
US,2024-07,GASDIES,TOTDEMO,KBD,4085.4194,1
US,2024-08,GASDIES,TOTDEMO,KBD,4230.8065,1
US,2024-09,GASDIES,TOTDEMO,KBD,4073.2000,1
US,2024-10,GASDIES,TOTDEMO,KBD,4417.3548,1
US,2024-11,GASDIES,TOTDEMO,KBD,4051.4667,1
US,2024-12,GASDIES,TOTDEMO,KBD,4054.0645,1
US,2025-01,GASDIES,TOTDEMO,KBD,4283.4839,1
US,2025-02,GASDIES,TOTDEMO,KBD,4269.6786,1
US,2025-03,GASDIES,TOTDEMO,KBD,3828.7097,2
US,2002-01,GASOLINE,TOTDEMO,KBD,8309.0968,1
US,2002-02,GASOLINE,TOTDEMO,KBD,8685.9286,1
US,2002-03,GASOLINE,TOTDEMO,KBD,8761.9355,1
US,2002-04,GASOLINE,TOTDEMO,KBD,8838.6667,1
US,2002-05,GASOLINE,TOTDEMO,KBD,9170.8710,1
US,2002-06,GASOLINE,TOTDEMO,KBD,9234.0333,1
US,2002-07,GASOLINE,TOTDEMO,KBD,9238.6129,1
US,2002-08,GASOLINE,TOTDEMO,KBD,9412.2258,1
US,2002-09,GASOLINE,TOTDEMO,KBD,8774.1000,1
US,2002-10,GASOLINE,TOTDEMO,KBD,8922.6129,1
US,2002-11,GASOLINE,TOTDEMO,KBD,8918.4667,1
US,2002-12,GASOLINE,TOTDEMO,KBD,8969.4516,1
US,2003-01,GASOLINE,TOTDEMO,KBD,8494.6452,1
US,2003-02,GASOLINE,TOTDEMO,KBD,8612.7500,1
US,2003-03,GASOLINE,TOTDEMO,KBD,8716.2903,1
US,2003-04,GASOLINE,TOTDEMO,KBD,8908.8667,1
US,2003-05,GASOLINE,TOTDEMO,KBD,9139.7097,1
US,2003-06,GASOLINE,TOTDEMO,KBD,9260.1667,1
US,2003-07,GASOLINE,TOTDEMO,KBD,9287.9355,1
US,2003-08,GASOLINE,TOTDEMO,KBD,9513.1613,1
US,2003-09,GASOLINE,TOTDEMO,KBD,9021.8333,1
US,2003-10,GASOLINE,TOTDEMO,KBD,9215.8710,1
US,2003-11,GASOLINE,TOTDEMO,KBD,9040.5333,1
US,2003-12,GASOLINE,TOTDEMO,KBD,9090.9677,1
US,2004-01,GASOLINE,TOTDEMO,KBD,8793.0645,1
US,2004-02,GASOLINE,TOTDEMO,KBD,8925.9655,1
US,2004-03,GASOLINE,TOTDEMO,KBD,9140.4839,1
US,2004-04,GASOLINE,TOTDEMO,KBD,9207.4000,1
US,2004-05,GASOLINE,TOTDEMO,KBD,9276.7097,1
US,2004-06,GASOLINE,TOTDEMO,KBD,9418.3000,1
US,2004-07,GASOLINE,TOTDEMO,KBD,9455.1290,1
US,2004-08,GASOLINE,TOTDEMO,KBD,9430.3871,1
US,2004-09,GASOLINE,TOTDEMO,KBD,9113.3333,1
US,2004-10,GASOLINE,TOTDEMO,KBD,9212.5161,1
US,2004-11,GASOLINE,TOTDEMO,KBD,9151.7000,1
US,2004-12,GASOLINE,TOTDEMO,KBD,9287.1935,1
US,2005-01,GASOLINE,TOTDEMO,KBD,8913.0645,1
US,2005-02,GASOLINE,TOTDEMO,KBD,8948.4643,1
US,2005-03,GASOLINE,TOTDEMO,KBD,9109.3871,1
US,2005-04,GASOLINE,TOTDEMO,KBD,9208.7333,1
US,2005-05,GASOLINE,TOTDEMO,KBD,9377.7419,1
US,2005-06,GASOLINE,TOTDEMO,KBD,9467.9667,1
US,2005-07,GASOLINE,TOTDEMO,KBD,9629.7419,1
US,2005-08,GASOLINE,TOTDEMO,KBD,9643.3548,1
US,2005-09,GASOLINE,TOTDEMO,KBD,9008.8667,1
US,2005-10,GASOLINE,TOTDEMO,KBD,9145.7097,1
US,2005-11,GASOLINE,TOTDEMO,KBD,9209.6000,1
US,2005-12,GASOLINE,TOTDEMO,KBD,9372.4194,1
US,2006-01,GASOLINE,TOTDEMO,KBD,8917.3226,1
US,2006-02,GASOLINE,TOTDEMO,KBD,8990.1071,1
US,2006-03,GASOLINE,TOTDEMO,KBD,9163.2258,1
US,2006-04,GASOLINE,TOTDEMO,KBD,9228.0667,1
US,2006-05,GASOLINE,TOTDEMO,KBD,9401.9677,1
US,2006-06,GASOLINE,TOTDEMO,KBD,9564.2333,1
US,2006-07,GASOLINE,TOTDEMO,KBD,9692.8710,1
US,2006-08,GASOLINE,TOTDEMO,KBD,9664.3226,1
US,2006-09,GASOLINE,TOTDEMO,KBD,9315.3667,1
US,2006-10,GASOLINE,TOTDEMO,KBD,9368.6452,1
US,2006-11,GASOLINE,TOTDEMO,KBD,9329.4333,1
US,2006-12,GASOLINE,TOTDEMO,KBD,9407.1935,1
US,2007-01,GASOLINE,TOTDEMO,KBD,8963.2581,1
US,2007-02,GASOLINE,TOTDEMO,KBD,9084.3571,1
US,2007-03,GASOLINE,TOTDEMO,KBD,9277.8387,1
US,2007-04,GASOLINE,TOTDEMO,KBD,9284.7667,1
US,2007-05,GASOLINE,TOTDEMO,KBD,9520.2581,1
US,2007-06,GASOLINE,TOTDEMO,KBD,9577.8333,1
US,2007-07,GASOLINE,TOTDEMO,KBD,9718.8065,1
US,2007-08,GASOLINE,TOTDEMO,KBD,9672.0323,1
US,2007-09,GASOLINE,TOTDEMO,KBD,9328.6667,1
US,2007-10,GASOLINE,TOTDEMO,KBD,9337.6129,1
US,2007-11,GASOLINE,TOTDEMO,KBD,9312.6000,1
US,2007-12,GASOLINE,TOTDEMO,KBD,9314.9355,1
US,2008-01,GASOLINE,TOTDEMO,KBD,8871.9677,1
US,2008-02,GASOLINE,TOTDEMO,KBD,8925.7931,1
US,2008-03,GASOLINE,TOTDEMO,KBD,9146.3548,1
US,2008-04,GASOLINE,TOTDEMO,KBD,9168.3333,1
US,2008-05,GASOLINE,TOTDEMO,KBD,9324.2258,1
US,2008-06,GASOLINE,TOTDEMO,KBD,9178.3333,1
US,2008-07,GASOLINE,TOTDEMO,KBD,9214.4839,1
US,2008-08,GASOLINE,TOTDEMO,KBD,9206.4839,1
US,2008-09,GASOLINE,TOTDEMO,KBD,8558.7000,1
US,2008-10,GASOLINE,TOTDEMO,KBD,9096.4839,1
US,2008-11,GASOLINE,TOTDEMO,KBD,8972.4667,1
US,2008-12,GASOLINE,TOTDEMO,KBD,8983.4839,1
US,2009-01,GASOLINE,TOTDEMO,KBD,8683.0323,1
US,2009-02,GASOLINE,TOTDEMO,KBD,8889.8929,1
US,2009-03,GASOLINE,TOTDEMO,KBD,8978.8387,1
US,2009-04,GASOLINE,TOTDEMO,KBD,9082.1333,1
US,2009-05,GASOLINE,TOTDEMO,KBD,9148.7097,1
US,2009-06,GASOLINE,TOTDEMO,KBD,9244.7333,1
US,2009-07,GASOLINE,TOTDEMO,KBD,9326.2581,1
US,2009-08,GASOLINE,TOTDEMO,KBD,9363.1935,1
US,2009-09,GASOLINE,TOTDEMO,KBD,8973.2667,1
US,2009-10,GASOLINE,TOTDEMO,KBD,9055.0323,1
US,2009-11,GASOLINE,TOTDEMO,KBD,8967.2000,1
US,2009-12,GASOLINE,TOTDEMO,KBD,8987.3871,1
US,2010-01,GASOLINE,TOTDEMO,KBD,8565.9677,1
US,2010-02,GASOLINE,TOTDEMO,KBD,8628.0000,1
US,2010-03,GASOLINE,TOTDEMO,KBD,8859.8387,1
US,2010-04,GASOLINE,TOTDEMO,KBD,9157.3667,1
US,2010-05,GASOLINE,TOTDEMO,KBD,9223.5161,1
US,2010-06,GASOLINE,TOTDEMO,KBD,9370.6333,1
US,2010-07,GASOLINE,TOTDEMO,KBD,9360.6774,1
US,2010-08,GASOLINE,TOTDEMO,KBD,9314.0645,1
US,2010-09,GASOLINE,TOTDEMO,KBD,9170.4333,1
US,2010-10,GASOLINE,TOTDEMO,KBD,9081.6129,1
US,2010-11,GASOLINE,TOTDEMO,KBD,8871.1667,1
US,2010-12,GASOLINE,TOTDEMO,KBD,8957.4516,1
US,2011-01,GASOLINE,TOTDEMO,KBD,8420.6129,1
US,2011-02,GASOLINE,TOTDEMO,KBD,8655.5714,1
US,2011-03,GASOLINE,TOTDEMO,KBD,8868.2903,1
US,2011-04,GASOLINE,TOTDEMO,KBD,8838.1667,1
US,2011-05,GASOLINE,TOTDEMO,KBD,8879.0323,1
US,2011-06,GASOLINE,TOTDEMO,KBD,9124.9000,1
US,2011-07,GASOLINE,TOTDEMO,KBD,9089.1613,1
US,2011-08,GASOLINE,TOTDEMO,KBD,8987.4194,1
US,2011-09,GASOLINE,TOTDEMO,KBD,8793.5667,1
US,2011-10,GASOLINE,TOTDEMO,KBD,8714.4839,1
US,2011-11,GASOLINE,TOTDEMO,KBD,8592.3333,1
US,2011-12,GASOLINE,TOTDEMO,KBD,8728.0000,1
US,2012-01,GASOLINE,TOTDEMO,KBD,8238.7097,1
US,2012-02,GASOLINE,TOTDEMO,KBD,8643.3793,1
US,2012-03,GASOLINE,TOTDEMO,KBD,8643.8387,1
US,2012-04,GASOLINE,TOTDEMO,KBD,8783.7333,1
US,2012-05,GASOLINE,TOTDEMO,KBD,9036.1613,1
US,2012-06,GASOLINE,TOTDEMO,KBD,9046.3333,1
US,2012-07,GASOLINE,TOTDEMO,KBD,8866.6452,1
US,2012-08,GASOLINE,TOTDEMO,KBD,9207.5161,1
US,2012-09,GASOLINE,TOTDEMO,KBD,8609.4667,1
US,2012-10,GASOLINE,TOTDEMO,KBD,8760.9677,1
US,2012-11,GASOLINE,TOTDEMO,KBD,8532.6333,1
US,2012-12,GASOLINE,TOTDEMO,KBD,8429.4194,1
US,2013-01,GASOLINE,TOTDEMO,KBD,8370.8065,1
US,2013-02,GASOLINE,TOTDEMO,KBD,8432.2500,1
US,2013-03,GASOLINE,TOTDEMO,KBD,8690.3226,1
US,2013-04,GASOLINE,TOTDEMO,KBD,8889.7000,1
US,2013-05,GASOLINE,TOTDEMO,KBD,9080.3871,1
US,2013-06,GASOLINE,TOTDEMO,KBD,9122.7000,1
US,2013-07,GASOLINE,TOTDEMO,KBD,9191.2903,1
US,2013-08,GASOLINE,TOTDEMO,KBD,9170.1613,1
US,2013-09,GASOLINE,TOTDEMO,KBD,8984.3000,1
US,2013-10,GASOLINE,TOTDEMO,KBD,8992.0323,1
US,2013-11,GASOLINE,TOTDEMO,KBD,8969.3333,1
US,2013-12,GASOLINE,TOTDEMO,KBD,8701.9355,1
US,2014-01,GASOLINE,TOTDEMO,KBD,8312.0968,1
US,2014-02,GASOLINE,TOTDEMO,KBD,8682.5000,1
US,2014-03,GASOLINE,TOTDEMO,KBD,8747.2258,1
US,2014-04,GASOLINE,TOTDEMO,KBD,8990.4333,1
US,2014-05,GASOLINE,TOTDEMO,KBD,9068.4516,1
US,2014-06,GASOLINE,TOTDEMO,KBD,9080.9667,1
US,2014-07,GASOLINE,TOTDEMO,KBD,9295.5161,1
US,2014-08,GASOLINE,TOTDEMO,KBD,9357.3548,1
US,2014-09,GASOLINE,TOTDEMO,KBD,8860.7667,1
US,2014-10,GASOLINE,TOTDEMO,KBD,9196.4516,1
US,2014-11,GASOLINE,TOTDEMO,KBD,8964.0333,1
US,2014-12,GASOLINE,TOTDEMO,KBD,8978.5806,1
US,2015-01,GASOLINE,TOTDEMO,KBD,8676.5484,1
US,2015-02,GASOLINE,TOTDEMO,KBD,8866.3214,1
US,2015-03,GASOLINE,TOTDEMO,KBD,9102.8710,1
US,2015-04,GASOLINE,TOTDEMO,KBD,9227.7000,1
US,2015-05,GASOLINE,TOTDEMO,KBD,9308.6129,1
US,2015-06,GASOLINE,TOTDEMO,KBD,9460.2667,1
US,2015-07,GASOLINE,TOTDEMO,KBD,9517.6129,1
US,2015-08,GASOLINE,TOTDEMO,KBD,9503.8710,1
US,2015-09,GASOLINE,TOTDEMO,KBD,9327.6333,1
US,2015-10,GASOLINE,TOTDEMO,KBD,9296.0645,1
US,2015-11,GASOLINE,TOTDEMO,KBD,9153.5000,1
US,2015-12,GASOLINE,TOTDEMO,KBD,9182.8065,1
US,2016-01,GASOLINE,TOTDEMO,KBD,8687.0323,1
US,2016-02,GASOLINE,TOTDEMO,KBD,9258.3103,1
US,2016-03,GASOLINE,TOTDEMO,KBD,9417.5484,1
US,2016-04,GASOLINE,TOTDEMO,KBD,9211.8667,1
US,2016-05,GASOLINE,TOTDEMO,KBD,9457.4516,1
US,2016-06,GASOLINE,TOTDEMO,KBD,9647.4667,1
US,2016-07,GASOLINE,TOTDEMO,KBD,9616.0968,1
US,2016-08,GASOLINE,TOTDEMO,KBD,9730.4839,1
US,2016-09,GASOLINE,TOTDEMO,KBD,9518.8667,1
US,2016-10,GASOLINE,TOTDEMO,KBD,9136.3226,1
US,2016-11,GASOLINE,TOTDEMO,KBD,9273.6000,1
US,2016-12,GASOLINE,TOTDEMO,KBD,9315.9355,1
US,2017-01,GASOLINE,TOTDEMO,KBD,8542.7097,1
US,2017-02,GASOLINE,TOTDEMO,KBD,9043.3571,1
US,2017-03,GASOLINE,TOTDEMO,KBD,9363.3548,1
US,2017-04,GASOLINE,TOTDEMO,KBD,9333.5333,1
US,2017-05,GASOLINE,TOTDEMO,KBD,9590.5806,1
US,2017-06,GASOLINE,TOTDEMO,KBD,9818.4667,1
US,2017-07,GASOLINE,TOTDEMO,KBD,9640.0645,1
US,2017-08,GASOLINE,TOTDEMO,KBD,9797.4839,1
US,2017-09,GASOLINE,TOTDEMO,KBD,9420.0000,1
US,2017-10,GASOLINE,TOTDEMO,KBD,9397.1290,1
US,2017-11,GASOLINE,TOTDEMO,KBD,9151.4000,1
US,2017-12,GASOLINE,TOTDEMO,KBD,9289.5484,1
US,2018-01,GASOLINE,TOTDEMO,KBD,8822.0000,1
US,2018-02,GASOLINE,TOTDEMO,KBD,8828.1786,1
US,2018-03,GASOLINE,TOTDEMO,KBD,9503.5806,1
US,2018-04,GASOLINE,TOTDEMO,KBD,9243.9667,1
US,2018-05,GASOLINE,TOTDEMO,KBD,9554.1290,1
US,2018-06,GASOLINE,TOTDEMO,KBD,9838.6667,1
US,2018-07,GASOLINE,TOTDEMO,KBD,9686.3871,1
US,2018-08,GASOLINE,TOTDEMO,KBD,9822.4839,1
US,2018-09,GASOLINE,TOTDEMO,KBD,9191.7667,1
US,2018-10,GASOLINE,TOTDEMO,KBD,9338.5806,1
US,2018-11,GASOLINE,TOTDEMO,KBD,9326.5333,1
US,2018-12,GASOLINE,TOTDEMO,KBD,9219.7097,1
US,2019-01,GASOLINE,TOTDEMO,KBD,8808.8710,1
US,2019-02,GASOLINE,TOTDEMO,KBD,9102.0000,1
US,2019-03,GASOLINE,TOTDEMO,KBD,9219.4839,1
US,2019-04,GASOLINE,TOTDEMO,KBD,9445.3333,1
US,2019-05,GASOLINE,TOTDEMO,KBD,9535.9677,1
US,2019-06,GASOLINE,TOTDEMO,KBD,9742.4333,1
US,2019-07,GASOLINE,TOTDEMO,KBD,9575.6129,1
US,2019-08,GASOLINE,TOTDEMO,KBD,9871.6774,1
US,2019-09,GASOLINE,TOTDEMO,KBD,9237.9333,1
US,2019-10,GASOLINE,TOTDEMO,KBD,9345.0323,1
US,2019-11,GASOLINE,TOTDEMO,KBD,9244.4333,1
US,2019-12,GASOLINE,TOTDEMO,KBD,9003.1290,1
US,2020-01,GASOLINE,TOTDEMO,KBD,8765.6129,1
US,2020-02,GASOLINE,TOTDEMO,KBD,9088.2069,1
US,2020-03,GASOLINE,TOTDEMO,KBD,7831.0323,1
US,2020-04,GASOLINE,TOTDEMO,KBD,5895.8333,1
US,2020-05,GASOLINE,TOTDEMO,KBD,7243.6774,1
US,2020-06,GASOLINE,TOTDEMO,KBD,8334.4667,1
US,2020-07,GASOLINE,TOTDEMO,KBD,8503.3548,1
US,2020-08,GASOLINE,TOTDEMO,KBD,8568.9355,1
US,2020-09,GASOLINE,TOTDEMO,KBD,8581.7333,1
US,2020-10,GASOLINE,TOTDEMO,KBD,8366.5806,1
US,2020-11,GASOLINE,TOTDEMO,KBD,8045.9000,1
US,2020-12,GASOLINE,TOTDEMO,KBD,7891.5806,1
US,2021-01,GASOLINE,TOTDEMO,KBD,7761.7742,1
US,2021-02,GASOLINE,TOTDEMO,KBD,7856.4643,1
US,2021-03,GASOLINE,TOTDEMO,KBD,8598.9032,1
US,2021-04,GASOLINE,TOTDEMO,KBD,8876.3333,1
US,2021-05,GASOLINE,TOTDEMO,KBD,9120.3871,1
US,2021-06,GASOLINE,TOTDEMO,KBD,9406.7333,1
US,2021-07,GASOLINE,TOTDEMO,KBD,9335.0323,1
US,2021-08,GASOLINE,TOTDEMO,KBD,9227.7097,1
US,2021-09,GASOLINE,TOTDEMO,KBD,8972.3667,1
US,2021-10,GASOLINE,TOTDEMO,KBD,9073.3871,1
US,2021-11,GASOLINE,TOTDEMO,KBD,9058.7333,1
US,2021-12,GASOLINE,TOTDEMO,KBD,8911.8387,1
US,2022-01,GASOLINE,TOTDEMO,KBD,8097.4839,1
US,2022-02,GASOLINE,TOTDEMO,KBD,8691.8214,1
US,2022-03,GASOLINE,TOTDEMO,KBD,9057.1290,1
US,2022-04,GASOLINE,TOTDEMO,KBD,8832.1000,1
US,2022-05,GASOLINE,TOTDEMO,KBD,9158.9032,1
US,2022-06,GASOLINE,TOTDEMO,KBD,9121.0333,1
US,2022-07,GASOLINE,TOTDEMO,KBD,8848.8065,1
US,2022-08,GASOLINE,TOTDEMO,KBD,9164.8710,1
US,2022-09,GASOLINE,TOTDEMO,KBD,8884.0000,1
US,2022-10,GASOLINE,TOTDEMO,KBD,8854.0968,1
US,2022-11,GASOLINE,TOTDEMO,KBD,8870.5333,1
US,2022-12,GASOLINE,TOTDEMO,KBD,8631.5161,1
US,2023-01,GASOLINE,TOTDEMO,KBD,8311.5161,1
US,2023-02,GASOLINE,TOTDEMO,KBD,8747.7857,1
US,2023-03,GASOLINE,TOTDEMO,KBD,9042.2581,1
US,2023-04,GASOLINE,TOTDEMO,KBD,9028.2333,1
US,2023-05,GASOLINE,TOTDEMO,KBD,9141.3548,1
US,2023-06,GASOLINE,TOTDEMO,KBD,9315.7667,1
US,2023-07,GASOLINE,TOTDEMO,KBD,9050.4194,1
US,2023-08,GASOLINE,TOTDEMO,KBD,9336.6452,1
US,2023-09,GASOLINE,TOTDEMO,KBD,8862.1000,1
US,2023-10,GASOLINE,TOTDEMO,KBD,9133.0968,1
US,2023-11,GASOLINE,TOTDEMO,KBD,8877.3333,1
US,2023-12,GASOLINE,TOTDEMO,KBD,8871.0645,1
US,2024-01,GASOLINE,TOTDEMO,KBD,8266.9032,1
US,2024-02,GASOLINE,TOTDEMO,KBD,8637.9655,1
US,2024-03,GASOLINE,TOTDEMO,KBD,8918.9677,1
US,2024-04,GASOLINE,TOTDEMO,KBD,8866.9667,1
US,2024-05,GASOLINE,TOTDEMO,KBD,9429.4839,1
US,2024-06,GASOLINE,TOTDEMO,KBD,9159.5000,1
US,2024-07,GASOLINE,TOTDEMO,KBD,9335.4194,1
US,2024-08,GASOLINE,TOTDEMO,KBD,9294.7097,1
US,2024-09,GASOLINE,TOTDEMO,KBD,9030.5667,1
US,2024-10,GASOLINE,TOTDEMO,KBD,9104.1935,1
US,2024-11,GASOLINE,TOTDEMO,KBD,8843.4667,1
US,2024-12,GASOLINE,TOTDEMO,KBD,8824.3226,1
US,2025-01,GASOLINE,TOTDEMO,KBD,8514.6452,1
US,2025-02,GASOLINE,TOTDEMO,KBD,8718.2500,1
US,2025-03,GASOLINE,TOTDEMO,KBD,9486.0000,1
